removed_study,LRT,p,coef,metric,test
5,17.968405780655303,2.2460203526922348e-5,-0.018785376696214072,RR,initial SOC linear
7,18.130724962654995,2.062465146603892e-5,-0.02027193773691814,RR,initial SOC linear
9,16.277440561472076,5.471146199397749e-5,-0.018079654779765877,RR,initial SOC linear
10,18.188023066755477,2.001334563341464e-5,-0.018581432900414994,RR,initial SOC linear
14,17.23727898372681,3.29899003630993e-5,-0.018430264158436585,RR,initial SOC linear
16,17.989255737706117,2.2215532121204213e-5,-0.018801882529426106,RR,initial SOC linear
17,17.706770880449994,2.577076642331028e-5,-0.0188063480907318,RR,initial SOC linear
19,15.451335462847055,8.465710217227892e-5,-0.017878271114492993,RR,initial SOC linear
20,17.93157931273629,2.2898990288185133e-5,-0.018967145549301866,RR,initial SOC linear
29,17.649583488924122,2.6557342660774704e-5,-0.018744959622070043,RR,initial SOC linear
31,17.03713907837323,3.665579720869843e-5,-0.018414011377425772,RR,initial SOC linear
33,17.491884824658882,2.8853666208595946e-5,-0.018846670938221555,RR,initial SOC linear
51,15.02370328104405,1.0616927056269923e-4,-0.016274360620997002,RR,initial SOC linear
52,17.730719614807526,2.5448360940190365e-5,-0.018798110173546677,RR,initial SOC linear
54,17.001843487034648,3.7343543128969626e-5,-0.018624662536444542,RR,initial SOC linear
58,18.15147833957019,2.0401099228696257e-5,-0.018882927494973542,RR,initial SOC linear
65,17.482322617726595,2.8999156294540506e-5,-0.018551780331689555,RR,initial SOC linear
74,15.596575447731652,7.83964456379512e-5,-0.017588646632620015,RR,initial SOC linear
78,17.587546110194012,2.7437935319729133e-5,-0.018759376146085548,RR,initial SOC linear
81,17.036249644850614,3.6672970744590964e-5,-0.01838320467277427,RR,initial SOC linear
90,18.492674948002787,1.705585582092107e-5,-0.019428419270259484,RR,initial SOC linear
91,16.197113984459975,5.708101200642628e-5,-0.017587423878681528,RR,initial SOC linear
99,17.749576864748292,2.519735305655489e-5,-0.018765849362384096,RR,initial SOC linear
102,17.722743228995,2.555528892682271e-5,-0.01879799881072386,RR,initial SOC linear
108,17.667647437187952,2.6306312183032675e-5,-0.018689619255006625,RR,initial SOC linear
113,17.4998363354905,2.873324179656394e-5,-0.01857648814189059,RR,initial SOC linear
114,19.046725243920378,1.2755647970193312e-5,-0.018177112584073913,RR,initial SOC linear
115,19.149945667718384,1.2084094285403032e-5,-0.019248757523241018,RR,initial SOC linear
116,17.47478603360753,2.9114345638162855e-5,-0.01857093728046052,RR,initial SOC linear
121,21.30708586693663,3.91282486853037e-6,-0.022095159747222315,RR,initial SOC linear
124,17.446853071828514,2.954529864879047e-5,-0.01875302742297749,RR,initial SOC linear
129,17.614529099874403,2.7051374401881506e-5,-0.01867520198527391,RR,initial SOC linear
137,17.625557475527103,2.6894960639128344e-5,-0.018748299689727497,RR,initial SOC linear
139,18.210255272743325,1.9781084337948472e-5,-0.01940856536936908,RR,initial SOC linear
148,13.52795876230914,2.350355467479111e-4,-0.01751851462016542,RR,initial SOC linear
150,17.697228390536566,2.5900371106233996e-5,-0.018600457842369262,RR,initial SOC linear
151,17.7844107992089,2.4740203724878923e-5,-0.018773845891281664,RR,initial SOC linear
153,11.00043369216246,9.109057080400623e-4,-0.014893464948619853,RR,initial SOC linear
154,17.460431818696975,2.9335009260739788e-5,-0.018562420267580825,RR,initial SOC linear
155,16.71235703154241,4.34967580341953e-5,-0.018157036606682917,RR,initial SOC linear
158,18.132357446783658,2.0606977763568457e-5,-0.019244384515460483,RR,initial SOC linear
159,16.29720479826051,5.414376043661531e-5,-0.017991455019351177,RR,initial SOC linear
160,16.045948376661386,6.182377353604808e-5,-0.018123931036138925,RR,initial SOC linear
161,17.78245414491812,2.47656598967102e-5,-0.018746489301454634,RR,initial SOC linear
162,16.584892439982013,4.6520123432157346e-5,-0.018427426007357254,RR,initial SOC linear
163,17.749656339824128,2.5196300449550985e-5,-0.01877544796517482,RR,initial SOC linear
164,15.748768609380932,7.23350082384676e-5,-0.017799678027465873,RR,initial SOC linear
165,16.932235750459768,3.873812312675511e-5,-0.018301937797961337,RR,initial SOC linear
166,17.40397557978622,3.0219324564010735e-5,-0.018724675279009843,RR,initial SOC linear
170,17.543282243145768,2.8084123419342276e-5,-0.018725302605609378,RR,initial SOC linear
171,17.584966783068012,2.747517644183533e-5,-0.018721018513912488,RR,initial SOC linear
47,20.64321561868701,5.533290988318107e-6,-0.02140808421950739,RR,initial SOC linear
5,11.642201919064632,0.008714946595702825,NA,RR,temperature spline
7,12.418769683454457,0.006078024410273298,NA,RR,temperature spline
9,12.284282258194708,0.006470145591449124,NA,RR,temperature spline
10,11.422103160495226,0.009649248475593243,NA,RR,temperature spline
14,12.067755857713337,0.0071546250971736645,NA,RR,temperature spline
16,11.50196596884382,0.00929933560396349,NA,RR,temperature spline
17,11.449541216591115,0.009527589921559972,NA,RR,temperature spline
19,11.067871606136123,0.011364472711593441,NA,RR,temperature spline
20,11.229311889694259,0.010548375590183503,NA,RR,temperature spline
29,11.47188998413742,0.009429616429455294,NA,RR,temperature spline
31,10.763464592077867,0.013076148407232403,NA,RR,temperature spline
33,11.262904971292528,0.010385968949320225,NA,RR,temperature spline
51,10.606049804177815,0.01405848994313217,NA,RR,temperature spline
52,12.019040229228153,0.007318220508559385,NA,RR,temperature spline
54,10.886507622901831,0.012355671371031166,NA,RR,temperature spline
58,11.493681973652542,0.009335041277797378,NA,RR,temperature spline
65,11.99470753229491,0.007401312269953776,NA,RR,temperature spline
74,11.757300075329113,0.00826252081960794,NA,RR,temperature spline
78,11.432988665401012,0.009600800514647647,NA,RR,temperature spline
81,11.326119783506556,0.010087014380376288,NA,RR,temperature spline
90,11.70538814114866,0.008463630132263419,NA,RR,temperature spline
91,9.01813922098745,0.029050685320267597,NA,RR,temperature spline
99,10.88330404328201,0.012373924221413734,NA,RR,temperature spline
102,11.416056585790557,0.009676264005499034,NA,RR,temperature spline
108,11.025891483924852,0.011586691219996906,NA,RR,temperature spline
113,11.534883023016619,0.009158783457541992,NA,RR,temperature spline
114,14.65491784586493,0.002136603028011342,NA,RR,temperature spline
115,11.835658797039287,0.007967859234164534,NA,RR,temperature spline
116,11.67854094486097,0.008569525651939537,NA,RR,temperature spline
121,11.140545035113178,0.010989671734928338,NA,RR,temperature spline
124,11.5385996838545,0.009143046054328623,NA,RR,temperature spline
129,11.51710098557703,0.009234448373080502,NA,RR,temperature spline
137,11.424125680923908,0.009640228663672016,NA,RR,temperature spline
139,11.906246298007545,0.007711319496182036,NA,RR,temperature spline
148,10.588106844184836,0.01417497549863847,NA,RR,temperature spline
150,12.226123621791771,0.006647365999346976,NA,RR,temperature spline
151,11.495404592479417,0.009327605322568277,NA,RR,temperature spline
153,8.062769891536618,0.044732098438063105,NA,RR,temperature spline
154,11.297611889697464,0.010220767790171824,NA,RR,temperature spline
155,11.41229096441657,0.009693126144526611,NA,RR,temperature spline
158,11.474470325728817,0.009418368831502013,NA,RR,temperature spline
159,9.226378541561076,0.02642766626812796,NA,RR,temperature spline
160,11.916603882609593,0.007674369217063818,NA,RR,temperature spline
161,11.513428998132213,0.009250149840768794,NA,RR,temperature spline
162,11.255726324649913,0.010420465804173641,NA,RR,temperature spline
163,11.315008113468252,0.010138941551231354,NA,RR,temperature spline
164,10.758199691737673,0.013107883388048358,NA,RR,temperature spline
165,12.265755092755512,0.00652608849169128,NA,RR,temperature spline
166,11.6014610925738,0.008880880336119766,NA,RR,temperature spline
170,11.569602574370037,0.009012806555657206,NA,RR,temperature spline
171,11.489580209199744,0.00935277074552439,NA,RR,temperature spline
47,11.263941062695267,0.010380999341636329,NA,RR,temperature spline
5,8.545065668728967,0.003464601017283378,0.017377054672562838,RR,temperature linear
7,9.297268835246086,0.0022949573954976618,0.018040317539593766,RR,temperature linear
9,8.798910017374851,0.003014105665775018,0.01734861424121912,RR,temperature linear
10,9.342054031655152,0.0022395437083329514,0.017266678265533346,RR,temperature linear
14,9.520199459194828,0.0020322249264459764,0.018469003700896183,RR,temperature linear
16,9.103456838895113,0.0025512686725764296,0.017828628010375745,RR,temperature linear
17,8.795215447052328,0.0030202157519589423,0.017906719380330033,RR,temperature linear
19,8.341379460678127,0.0038752162999878092,0.01749286006680512,RR,temperature linear
20,8.554575749325977,0.003446548145252772,0.017556352080496634,RR,temperature linear
29,8.783409633980114,0.003039824702217179,0.017659237970133405,RR,temperature linear
31,7.804305526038661,0.005212189372445044,0.017170426717092166,RR,temperature linear
33,8.596432251644273,0.0033682220931529083,0.017533881170036396,RR,temperature linear
51,7.102063944686165,0.007699524075513366,0.014148893329225946,RR,temperature linear
52,9.049531881715552,0.002627620885454815,0.018168530980120695,RR,temperature linear
54,8.089775904824819,0.004451566620773952,0.01803102142220964,RR,temperature linear
58,9.098066964408986,0.0025587978003795676,0.017861317825759896,RR,temperature linear
65,9.354528980021087,0.002224351256431804,0.018177031525015687,RR,temperature linear
74,8.738734308795074,0.0031152067621468106,0.01749921360937234,RR,temperature linear
78,8.623026475040206,0.003319398726412091,0.017523563308333476,RR,temperature linear
81,8.974076772325816,0.0027383691222395666,0.01767262982934176,RR,temperature linear
90,9.2977970533816,0.002294295779670484,0.01838908046578647,RR,temperature linear
91,6.909104254105273,0.008575794256391985,0.015016695319618589,RR,temperature linear
99,8.179172044190523,0.0042374096607523766,0.017095329125103493,RR,temperature linear
102,8.79407053055047,0.003022111769369258,0.01765355272660561,RR,temperature linear
108,8.327353108537409,0.0039052518099735927,0.017299862864205297,RR,temperature linear
113,8.759603612054207,0.0030797597844859186,0.01753095048504222,RR,temperature linear
114,11.647528896080189,6.428787723796023e-4,0.01949125118539179,RR,temperature linear
115,9.23964139667487,0.0023683132938931944,0.018127978521171543,RR,temperature linear
116,8.999456403306908,0.002700599230578865,0.017793942294466448,RR,temperature linear
121,8.977013791105719,0.002733970957186667,0.019363085787963065,RR,temperature linear
124,8.741891056846043,0.0031098184620547416,0.01769906095324745,RR,temperature linear
129,8.925167808898891,0.002812675147031354,0.01785187643754977,RR,temperature linear
137,8.732904833289012,0.003125182127193013,0.017592308313311274,RR,temperature linear
139,8.979644380205059,0.002730037757714035,0.01789691382373099,RR,temperature linear
148,7.161210897428418,0.0074496888789540895,0.016174961983343214,RR,temperature linear
150,9.739409636886307,0.0018035881461585341,0.018233457777026178,RR,temperature linear
151,8.997808973751148,0.00270303479943122,0.0183677831346181,RR,temperature linear
153,5.105251987724728,0.023853513902581853,0.01452105699380117,RR,temperature linear
154,8.724571558336947,0.0031394983690147013,0.017515794058722577,RR,temperature linear
155,8.866062897777965,0.0029052104096624017,0.017724290419386356,RR,temperature linear
158,8.755636882736212,0.0030864656770846145,0.01765005171514621,RR,temperature linear
159,7.335272662305783,0.006761442228826355,0.016301516748769396,RR,temperature linear
160,9.212866571576114,0.0024032010043177746,0.018186614531104567,RR,temperature linear
161,8.879249391882922,0.00288430104785971,0.01769465908592144,RR,temperature linear
162,8.577669272795447,0.0034031069935354062,0.01763643115193312,RR,temperature linear
163,8.656073390440383,0.003259729928748774,0.017553077628767354,RR,temperature linear
164,8.169616707747082,0.004259790769796573,0.017214335471513152,RR,temperature linear
165,9.25820593661956,0.0023444257028945445,0.018247275108656348,RR,temperature linear
166,8.791728960875503,0.003025993248020155,0.017767025304099713,RR,temperature linear
170,8.788892751785397,0.003030701443544977,0.017719295628594648,RR,temperature linear
171,8.740160938315967,0.0031127704532387334,0.01760562941659434,RR,temperature linear
47,8.53498271643366,0.0034838463810023066,0.01745403427740127,RR,temperature linear
5,11.55501786672562,6.756665888833976e-4,-0.003277957248015127,RR,SOC x temperature
7,11.717295940135955,6.192186617596479e-4,-0.003300724000720124,RR,SOC x temperature
9,11.203237970285727,8.165472464380429e-4,-0.003245453514488329,RR,SOC x temperature
10,10.668414940717298,0.00108980464672971,-0.0031249948445771056,RR,SOC x temperature
14,11.243911920546225,7.98846096669965e-4,-0.0032462311938917586,RR,SOC x temperature
16,11.509036031829623,6.925868532467629e-4,-0.0032741189401726822,RR,SOC x temperature
17,11.511531690513948,6.91657617541838e-4,-0.0033077340642296976,RR,SOC x temperature
19,10.38922903381956,0.0012675253749999354,-0.003236088962056924,RR,SOC x temperature
20,11.236187619267412,8.021775956299221e-4,-0.0032787266560026927,RR,SOC x temperature
29,11.698452818871942,6.255208762328064e-4,-0.003310036831813404,RR,SOC x temperature
31,11.526944589496793,6.859466061674998e-4,-0.003293579170423308,RR,SOC x temperature
33,11.453822307143582,7.134709153923374e-4,-0.0033006930153817345,RR,SOC x temperature
51,8.525972299303021,0.003501136544706082,-0.0027241100931079364,RR,SOC x temperature
52,11.98343796961501,5.367546531346674e-4,-0.0033610935894350207,RR,SOC x temperature
54,11.353446826111394,7.530807382366634e-4,-0.003335226108889417,RR,SOC x temperature
58,11.661000445433729,6.382400889434446e-4,-0.0032877928571200267,RR,SOC x temperature
65,11.817069869086026,5.869014971590337e-4,-0.003324545519379203,RR,SOC x temperature
74,10.907424098357069,9.577961877621708e-4,-0.0031780280101807927,RR,SOC x temperature
78,11.527318841138595,6.858085269539152e-4,-0.003305747455846146,RR,SOC x temperature
81,11.145335099126783,8.42432535493374e-4,-0.00324143836383087,RR,SOC x temperature
90,9.855112832572786,0.0016936041117895163,-0.003224952614040452,RR,SOC x temperature
91,9.917781519266782,0.0016368956700679278,-0.0030551554696243554,RR,SOC x temperature
99,11.787955090984951,5.961518407004863e-4,-0.003342381751616672,RR,SOC x temperature
102,11.561647733537143,6.73261631237326e-4,-0.003300573228498972,RR,SOC x temperature
108,11.303150482456317,7.73756859480776e-4,-0.003271551731929684,RR,SOC x temperature
113,11.454660016650791,7.131493543060688e-4,-0.003272326683037386,RR,SOC x temperature
114,13.782359290863155,2.052545029298892e-4,-0.0032450513105332828,RR,SOC x temperature
115,13.078986612428025,2.9862697023393526e-4,-0.0034489227238929023,RR,SOC x temperature
116,11.380999205445278,7.419919270754854e-4,-0.0032651895335212033,RR,SOC x temperature
121,8.533847230159722,0.003486020485524637,-0.0039022697333956596,RR,SOC x temperature
124,11.3676941006255,7.473259896121837e-4,-0.003300380130417546,RR,SOC x temperature
129,11.528070970716271,6.855311155205285e-4,-0.0032895681194039833,RR,SOC x temperature
137,11.551453759702213,6.769630388811934e-4,-0.003294779446212047,RR,SOC x temperature
139,11.409401822937184,7.307335583658303e-4,-0.0032965949463453167,RR,SOC x temperature
148,11.68939676851744,6.285727438007626e-4,-0.0032781036978490733,RR,SOC x temperature
150,11.32431047988166,7.649892775233651e-4,-0.0032450750727306254,RR,SOC x temperature
151,11.57224799968094,6.694343776548565e-4,-0.0033032049428564454,RR,SOC x temperature
153,6.599443679799265,0.01020106361942327,-0.002528545241876948,RR,SOC x temperature
154,11.414684139757696,7.286588392123622e-4,-0.003270825568984596,RR,SOC x temperature
155,11.178607764021422,8.274583942655283e-4,-0.0032287454331456607,RR,SOC x temperature
158,11.623961682528716,6.510757587743867e-4,-0.003304280233785601,RR,SOC x temperature
159,10.699962712306615,0.0010713769390534114,-0.0032405035776999123,RR,SOC x temperature
160,11.050358349249223,8.867005830011285e-4,-0.0032906480051071935,RR,SOC x temperature
161,11.598416632052476,6.600799418676196e-4,-0.0032958284591813065,RR,SOC x temperature
162,11.231873110200013,8.04044555822067e-4,-0.003321977220911106,RR,SOC x temperature
163,11.400089551086467,7.34405656841647e-4,-0.003276261715330955,RR,SOC x temperature
164,10.32362672265333,0.001313379482706607,-0.003167903135996776,RR,SOC x temperature
165,10.861378748759762,9.819056444435978e-4,-0.003192153229322042,RR,SOC x temperature
166,11.506064857769275,6.936947873627419e-4,-0.003306672045627533,RR,SOC x temperature
170,11.486182145749353,7.011551616706649e-4,-0.0032997355124010706,RR,SOC x temperature
171,11.489985922822257,6.997216684386598e-4,-0.0032886144857018416,RR,SOC x temperature
47,16.227581485314317,5.6170339703784016e-5,-0.004036469445447849,RR,SOC x temperature
5,11.383806453268335,7.408714150630107e-4,-4.464943859251806e-6,RR,depth x precipitation
7,10.558717120242136,0.0011564142683652043,-4.5182580230482575e-6,RR,depth x precipitation
9,11.44339745781258,7.174848474251395e-4,-4.5486236564734205e-6,RR,depth x precipitation
10,9.054200464959422,0.0026209199031745406,-4.015310147938809e-6,RR,depth x precipitation
14,10.880566833219405,9.717850097502584e-4,-4.373944903957435e-6,RR,depth x precipitation
16,11.197739901477007,8.18970208647693e-4,-4.474751422386149e-6,RR,depth x precipitation
17,10.842630447979218,9.918972679250218e-4,-4.37722849426985e-6,RR,depth x precipitation
19,10.351345663125471,0.0012938033517706077,-4.543343274969181e-6,RR,depth x precipitation
20,10.659718920987189,0.0010949403137185888,-4.358791090649694e-6,RR,depth x precipitation
29,10.859829099651847,9.827276339711448e-4,-4.393936539339925e-6,RR,depth x precipitation
31,10.853236141080629,9.862325609535346e-4,-4.373757921714822e-6,RR,depth x precipitation
33,10.788689472561146,0.0010212215618519336,-4.388251474913699e-6,RR,depth x precipitation
51,11.492638196959206,6.98723883380051e-4,-4.376006664720115e-6,RR,depth x precipitation
52,10.796556903639726,0.0010168905288120047,-4.3708838008470715e-6,RR,depth x precipitation
54,11.052987577733575,8.854440204056676e-4,-4.386615801118874e-6,RR,depth x precipitation
58,11.617326116195159,6.534026840735644e-4,-4.610740437500476e-6,RR,depth x precipitation
65,11.046876132965167,8.883675813112136e-4,-4.4080488735433646e-6,RR,depth x precipitation
74,11.160631991684681,8.355145536148151e-4,-4.441820337930071e-6,RR,depth x precipitation
78,11.444729089498196,7.169708543054453e-4,-4.538829854912942e-6,RR,depth x precipitation
81,10.82099107897136,0.0010035575449489956,-4.370089985179194e-6,RR,depth x precipitation
90,10.887471649111262,9.681689713762001e-4,-4.376607479493479e-6,RR,depth x precipitation
91,11.87281028767859,5.695939896066004e-4,-4.552715809569057e-6,RR,depth x precipitation
99,12.031194605910628,5.231753504728202e-4,-4.6272410405603455e-6,RR,depth x precipitation
102,10.951041077449645,9.355103733251392e-4,-4.406184746985523e-6,RR,depth x precipitation
108,10.838848689291126,9.939251272050357e-4,-4.375851136979325e-6,RR,depth x precipitation
113,10.933832400271626,9.442397292640229e-4,-4.383912581477284e-6,RR,depth x precipitation
114,13.269063496184572,2.6982196212959025e-4,-4.530151924529187e-6,RR,depth x precipitation
115,4.510691474206965,0.03368362088653768,-3.2918525378750827e-6,RR,depth x precipitation
116,10.67723020395806,0.0010846234252343066,-4.3659252911929545e-6,RR,depth x precipitation
121,10.352183629767069,0.0012932161701229644,-4.333883184419782e-6,RR,depth x precipitation
124,10.608242492512431,0.0011258465078495298,-4.364762009607561e-6,RR,depth x precipitation
129,10.81961497435816,0.0010043037236815394,-4.36722042334432e-6,RR,depth x precipitation
137,10.87225661459047,9.761551691320988e-4,-4.379251684877952e-6,RR,depth x precipitation
139,11.325642652385568,7.644406665756874e-4,-4.544592374753695e-6,RR,depth x precipitation
148,10.156259714032103,0.0014381209410271134,-4.165618381513227e-6,RR,depth x precipitation
150,9.505895904221234,0.002048127349842156,-4.178882246210755e-6,RR,depth x precipitation
151,10.043346424617312,0.001528991896517547,-4.248511192805111e-6,RR,depth x precipitation
153,10.759308004225545,0.0010375617003261083,-4.440350647365482e-6,RR,depth x precipitation
154,10.873946386146827,9.752649490966076e-4,-4.3730769270262686e-6,RR,depth x precipitation
155,10.920386313272274,9.511177372821964e-4,-4.373876118571464e-6,RR,depth x precipitation
158,10.847763766600792,9.891513656474183e-4,-4.375874160187391e-6,RR,depth x precipitation
159,10.332455367282478,0.0013071120462769528,-4.331517015910385e-6,RR,depth x precipitation
160,9.023873095417457,0.002664761571163093,-4.2559786509080285e-6,RR,depth x precipitation
161,10.891626779272883,9.659994982488442e-4,-4.378351612759987e-6,RR,depth x precipitation
162,10.290073852377645,0.00133747736517844,-4.303857941574443e-6,RR,depth x precipitation
163,11.019313467873985,9.016745963730959e-4,-4.40760675987809e-6,RR,depth x precipitation
164,10.225415233784588,0.0013851855356015687,-4.381124973260826e-6,RR,depth x precipitation
165,10.92643307740559,9.480184209447089e-4,-4.382709642183431e-6,RR,depth x precipitation
166,10.66412113785293,0.0010923374143528913,-4.365692908466933e-6,RR,depth x precipitation
170,10.713650694226317,0.0010634798506318369,-4.369119603735166e-6,RR,depth x precipitation
171,10.836968866901884,9.949346872831235e-4,-4.375565923298099e-6,RR,depth x precipitation
47,10.659528004899016,0.0010950533385418535,-4.351481804169103e-6,RR,depth x precipitation
5,2.72399632470524,0.098850243160959,-0.0694713895184224,storage_rate,initial SOC linear
7,3.2344416000936462,0.07210488025265348,-0.0781717185203922,storage_rate,initial SOC linear
9,2.630047579386428,0.10485857114507417,-0.07010623065731025,storage_rate,initial SOC linear
10,2.2756701261254193,0.13141831023226547,-0.06054475759910514,storage_rate,initial SOC linear
14,2.5727828443611997,0.10871633078283822,-0.06740752128979217,storage_rate,initial SOC linear
16,2.6849977989035096,0.10129736568597367,-0.06872371038581608,storage_rate,initial SOC linear
17,3.004026436258073,0.08305786169423444,-0.07508646871946939,storage_rate,initial SOC linear
19,2.9285055364407526,0.08702801883909854,-0.07170128742917004,storage_rate,initial SOC linear
20,2.225617515840213,0.13573837674622244,-0.06278998876767412,storage_rate,initial SOC linear
27,2.7338724768815155,0.09824081620840858,-0.069071040544759807,storage_rate,initial SOC linear
29,2.915554884819244,0.08772923203800555,-0.0732909098138705,storage_rate,initial SOC linear
31,2.663277007008105,0.10268897372313451,-0.06833381108303388,storage_rate,initial SOC linear
33,2.74238978100243,0.09771853045659325,-0.06985476604662881,storage_rate,initial SOC linear
52,2.7349431475740857,0.09817499509314388,-0.06955003544526775,storage_rate,initial SOC linear
54,0.7386178394360741,0.3901039934471414,-0.04263018416427209,storage_rate,initial SOC linear
58,2.7367501598954505,0.09806401533269353,-0.0701120601955312,storage_rate,initial SOC linear
65,2.7149976172109973,0.0994091191244604,-0.06891474117776572,storage_rate,initial SOC linear
78,2.8295466431271734,0.09254448092236699,-0.07112894571529213,storage_rate,initial SOC linear
91,2.7456658146684276,0.09751844929202536,-0.06777317552533625,storage_rate,initial SOC linear
99,3.3192196300200294,0.06847432452600513,-0.08036224507419733,storage_rate,initial SOC linear
102,2.7323839135847265,0.09833240791385822,-0.06966977569188586,storage_rate,initial SOC linear
113,2.6893223337192467,0.10102277014315772,-0.06886517604660576,storage_rate,initial SOC linear
114,1.2828313186769265,0.2573732625219776,-0.0456633018243378,storage_rate,initial SOC linear
115,2.9492285842068213,0.08591856103531323,-0.07197883075539023,storage_rate,initial SOC linear
121,2.745075514929681,0.09755446836246012,-0.06939943546488128,storage_rate,initial SOC linear
124,2.59954106745181,0.10689466483425515,-0.06834863542255593,storage_rate,initial SOC linear
129,2.806734770238336,0.09386925892209558,-0.07224934374731216,storage_rate,initial SOC linear
139,3.3541100061412408,0.06703743903739519,-0.07870294662611511,storage_rate,initial SOC linear
148,2.763225418102138,0.09645359456852597,-0.0709677472137491,storage_rate,initial SOC linear
150,2.507560126351791,0.11330122749487677,-0.0664073620410823,storage_rate,initial SOC linear
151,2.7619422483437575,0.09653097818226228,-0.06964942991918643,storage_rate,initial SOC linear
153,2.321334526488954,0.12761050337686589,-0.06502691528398659,storage_rate,initial SOC linear
160,1.9092920300906826,0.16704192230564852,-0.05920793968348469,storage_rate,initial SOC linear
161,2.7212898328431265,0.09901797174231407,-0.06915281655871684,storage_rate,initial SOC linear
162,2.371689124373006,0.12355330023206036,-0.06504681947097712,storage_rate,initial SOC linear
163,2.6518987825063505,0.10342629054453105,-0.06839940780086917,storage_rate,initial SOC linear
164,2.743641731219327,0.09764201579070156,-0.06850999904275808,storage_rate,initial SOC linear
165,2.518575671336407,0.11251216858369789,-0.06716881685848416,storage_rate,initial SOC linear
166,2.60622984443296,0.10644455313049275,-0.06743471396137345,storage_rate,initial SOC linear
170,2.6649748323570748,0.10257944749274239,-0.06888313106936084,storage_rate,initial SOC linear
171,2.7798109927346104,0.09545943334959811,-0.07072463767582325,storage_rate,initial SOC linear
5,13.856254971721569,0.003107489341664196,NA,storage_rate,temperature spline
7,13.020546020131178,0.004592383507632262,NA,storage_rate,temperature spline
9,13.67264970695328,0.0033863526321212096,NA,storage_rate,temperature spline
10,14.505721024063632,0.0022916857551924558,NA,storage_rate,temperature spline
14,13.513015611824358,0.0036488604783712817,NA,storage_rate,temperature spline
16,12.957401003885707,0.0047296397020518965,NA,storage_rate,temperature spline
17,13.149163516391695,0.004324887430280278,NA,storage_rate,temperature spline
19,11.645894710768175,0.008700058335094725,NA,storage_rate,temperature spline
20,12.675510570948518,0.0053935623881606635,NA,storage_rate,temperature spline
27,14.325389351731587,0.0024940928424814933,NA,storage_rate,temperature spline
29,13.254451288386804,0.004117438639109813,NA,storage_rate,temperature spline
31,13.50631943055214,0.0036603017090388987,NA,storage_rate,temperature spline
33,13.566269491952767,0.0035591217806885114,NA,storage_rate,temperature spline
52,15.32211109650973,0.0015610821717818642,NA,storage_rate,temperature spline
54,10.509933659008084,0.014693662602038637,NA,storage_rate,temperature spline
58,12.619959430881522,0.00553488131366943,NA,storage_rate,temperature spline
65,13.54438875767903,0.003595725608697539,NA,storage_rate,temperature spline
78,14.280170390067838,0.0025475664646887777,NA,storage_rate,temperature spline
91,11.028250984283773,0.011574088562610697,NA,storage_rate,temperature spline
99,13.023450349478367,0.004586166179355122,NA,storage_rate,temperature spline
102,12.756750407072786,0.005193295607003651,NA,storage_rate,temperature spline
113,13.679319763417539,0.0033758010715073585,NA,storage_rate,temperature spline
114,14.435383487500758,0.0023686197805477083,NA,storage_rate,temperature spline
115,13.96506793042954,0.002953088946723041,NA,storage_rate,temperature spline
121,13.480347388566543,0.0037050151661228003,NA,storage_rate,temperature spline
124,12.984449565129694,0.004670355107294153,NA,storage_rate,temperature spline
129,13.44514539346676,0.0037664833927859996,NA,storage_rate,temperature spline
139,12.99036880354845,0.004657479811285083,NA,storage_rate,temperature spline
148,13.937064921602428,0.0029920818797994943,NA,storage_rate,temperature spline
150,12.996155565662662,0.004644926627440993,NA,storage_rate,temperature spline
151,13.687545418982154,0.0033628334973472562,NA,storage_rate,temperature spline
153,14.257755635643548,0.002574492738060924,NA,storage_rate,temperature spline
160,13.306138983854567,0.004019234035270825,NA,storage_rate,temperature spline
161,13.49771928972234,0.0036750482113723517,NA,storage_rate,temperature spline
162,13.647669510906894,0.0034261606193751394,NA,storage_rate,temperature spline
163,13.513979282419427,0.0036472168490792995,NA,storage_rate,temperature spline
164,11.282632077501262,0.010291749709793355,NA,storage_rate,temperature spline
165,14.042159273264474,0.002848324822334365,NA,storage_rate,temperature spline
166,13.011831298126822,0.004611089310567956,NA,storage_rate,temperature spline
170,13.39925459569531,0.003848134463578113,NA,storage_rate,temperature spline
171,13.005324645813516,0.004625104724353895,NA,storage_rate,temperature spline
5,2.100207841160227,0.14727911745238653,0.05172759985592733,storage_rate,temperature linear
7,2.390681823885984,0.12206038152224478,0.05564966871693763,storage_rate,temperature linear
9,2.228874869516062,0.13545245273791073,0.05317291744113747,storage_rate,temperature linear
10,2.0095702116695975,0.15630959430905048,0.045617194655656036,storage_rate,temperature linear
14,2.2319788849928273,0.1351806154583299,0.052641685997489855,storage_rate,temperature linear
16,2.2979789611994192,0.1295424589336985,0.05345013149866176,storage_rate,temperature linear
17,2.1119885441435144,0.1461492949980768,0.05554141652525921,storage_rate,temperature linear
19,1.4006218926151632,0.23661947331224187,0.04182315064397591,storage_rate,temperature linear
20,3.2715470289913355,0.07049112022766181,0.06412696313601177,storage_rate,temperature linear
27,2.205085567834658,0.13755626094718734,0.05202585649465881,storage_rate,temperature linear
29,2.297014481942824,0.12962293753934245,0.05398276785217506,storage_rate,temperature linear
31,2.1726583599159994,0.14048320227716493,0.051834626509867435,storage_rate,temperature linear
33,2.227011726720775,0.13561591309356585,0.05247144603345964,storage_rate,temperature linear
52,2.3996797969741692,0.12136008888055204,0.057009830973704136,storage_rate,temperature linear
54,0.5685138842914057,0.4508500641933696,0.03002162666430308,storage_rate,temperature linear
58,2.327421829831451,0.1271122506183959,0.054109548062132196,storage_rate,temperature linear
65,2.33371279694029,0.1265996007804212,0.05370216327233461,storage_rate,temperature linear
78,2.192280154152968,0.13870384985877787,0.05263367620089056,storage_rate,temperature linear
91,1.1062683689403912,0.2928945631678877,0.03719527942925571,storage_rate,temperature linear
99,2.4429768327273678,0.11805200546479153,0.056817882652655714,storage_rate,temperature linear
102,2.2745545943241723,0.13151290263092297,0.05299538168746154,storage_rate,temperature linear
113,2.2181111827029554,0.13639984355418905,0.05245246929266065,storage_rate,temperature linear
114,3.467975729533123,0.06256783440730086,0.06376248583488021,storage_rate,temperature linear
115,2.0999437067749795,0.14730456183196572,0.051163175801884064,storage_rate,temperature linear
121,2.091655322156612,0.14810551815031786,0.05176107992151156,storage_rate,temperature linear
124,2.4111600102903594,0.12047306425010654,0.05591687154944993,storage_rate,temperature linear
129,2.3014341567602514,0.12925460532109204,0.05437854254099602,storage_rate,temperature linear
139,2.542635309766524,0.11080970098871869,0.056984876159512816,storage_rate,temperature linear
148,2.1729368043392014,0.1404577737061025,0.051805971439154906,storage_rate,temperature linear
150,2.435083079691708,0.11864760872066404,0.054897065132453855,storage_rate,temperature linear
151,2.388834619483532,0.12220469891379593,0.054965060052327035,storage_rate,temperature linear
153,1.8415692497503642,0.1747671329138889,0.048357221065632255,storage_rate,temperature linear
160,2.4052299532872894,0.12093035307452615,0.05537907074309308,storage_rate,temperature linear
161,2.2458415234958693,0.133974006295679,0.052803211079029536,storage_rate,temperature linear
162,1.761299169043241,0.1844625514013758,0.046990394953922494,storage_rate,temperature linear
163,2.2427249185536766,0.13424422362010854,0.052899631275410176,storage_rate,temperature linear
164,1.1687384307683715,0.2796606107005648,0.03737269796173171,storage_rate,temperature linear
165,2.3408484557555767,0.12602089845527376,0.05451165322464073,storage_rate,temperature linear
166,2.7608230174005257,0.09659853044050123,0.05852568682729493,storage_rate,temperature linear
170,2.218199161764119,0.13639206986537736,0.053491703115742424,storage_rate,temperature linear
171,2.2012930928581227,0.13789501972696047,0.0527882170040583,storage_rate,temperature linear
5,0.045791362113845935,0.8305555076994526,0.0018941805345343069,storage_rate,SOC x temperature
7,0.03249996819511125,0.8569347378528839,0.001607824144682427,storage_rate,SOC x temperature
9,0.04279733651844708,0.8361073474560179,0.0018426408650637257,storage_rate,SOC x temperature
10,0.36067151096824546,0.5481335318530095,0.005125562368197978,storage_rate,SOC x temperature
14,0.06252042880362296,0.8025557547089099,0.0022040207973695962,storage_rate,SOC x temperature
16,0.05391926775848788,0.8163786176229295,0.002048867102030332,storage_rate,SOC x temperature
17,0.1136017460507901,0.7360802780200111,0.0031756289908343657,storage_rate,SOC x temperature
19,0.06232271171086268,0.8028617624459943,0.0022292350484720324,storage_rate,SOC x temperature
20,0.0016702947486919584,0.9674001401617192,3.6033969724652115e-4,storage_rate,SOC x temperature
27,0.04620203883405338,0.8298089560309263,0.0018880847878061156,storage_rate,SOC x temperature
29,0.019930467285576015,0.8877314529021659,0.0012589182032873264,storage_rate,SOC x temperature
31,0.04924514727088081,0.8243820177530763,0.0019528623798452957,storage_rate,SOC x temperature
33,0.049703500823056856,0.8235800097096698,0.001962450321291182,storage_rate,SOC x temperature
52,0.02167226733536154,0.8829622915220766,0.0013114957871618227,storage_rate,SOC x temperature
54,0.1900702269372232,0.6628581746820089,-0.006857284501288291,storage_rate,SOC x temperature
58,0.04630645890097185,0.829619689289303,0.001911079360456543,storage_rate,SOC x temperature
65,0.0446615698513142,0.8326275578567275,0.0018606418940352106,storage_rate,SOC x temperature
78,0.031231475163167488,0.8597249594273944,0.0015698835570240966,storage_rate,SOC x temperature
91,0.18155684516136716,0.6700387122222873,0.003693354035882844,storage_rate,SOC x temperature
99,0.004847520006364903,0.9444928275610022,-6.538769168541217e-4,storage_rate,SOC x temperature
102,0.057967630669054415,0.8097375064599198,0.0021210734497514407,storage_rate,SOC x temperature
113,0.049967633209689666,0.8231196039396607,0.0019718062027040168,storage_rate,SOC x temperature
114,0.6324150991162014,0.42647082117654156,0.006644695856643013,storage_rate,SOC x temperature
115,0.027735832490975554,0.8677313908756044,0.001468143722145498,storage_rate,SOC x temperature
121,0.06846816967095037,0.7935803196137503,0.0023193372455645087,storage_rate,SOC x temperature
124,0.029506186633739162,0.8636154822987092,0.0015357753886281848,storage_rate,SOC x temperature
129,0.03168545637038278,0.858719762992247,0.0015994764979399105,storage_rate,SOC x temperature
139,0.0263007586064532,0.871167978345508,0.001433502852210335,storage_rate,SOC x temperature
148,0.03588935453626618,0.8497441687031564,0.0016682211595805685,storage_rate,SOC x temperature
150,0.07535019073645799,0.7837004865628621,0.0024200105898537073,storage_rate,SOC x temperature
151,0.04873851473598734,0.8252730724528876,0.0019451002010814887,storage_rate,SOC x temperature
153,0.07406233701044584,0.7855113265602526,0.002444366467652731,storage_rate,SOC x temperature
160,0.2251419164994104,0.6351496585611769,0.004265247561491471,storage_rate,SOC x temperature
161,0.047600259528508104,0.8272928899484724,0.0019236717067306472,storage_rate,SOC x temperature
162,0.129067262662943,0.7194010997748781,0.0032204252121137912,storage_rate,SOC x temperature
163,0.04897285012543762,0.8248603274245389,0.0019533966062974754,storage_rate,SOC x temperature
164,0.1552273505865287,0.6935891432160964,0.0034664243937642726,storage_rate,SOC x temperature
165,0.08886778729754496,0.7656214941849608,0.0026539106451639685,storage_rate,SOC x temperature
166,0.017045821444980902,0.8961236663712198,0.001148430683226968,storage_rate,SOC x temperature
170,0.04248918939617852,0.8366900995332587,0.0018370882506082227,storage_rate,SOC x temperature
171,0.04654964958695018,0.8291797574217875,0.0019148822093368863,storage_rate,SOC x temperature
5,0.055665102984676196,0.813483472542553,-1.8634066983940378e-6,storage_rate,depth x precipitation
7,0.07966140978271596,0.7777567830116919,-2.2599912446551346e-6,storage_rate,depth x precipitation
9,0.14879828827235997,0.6996864122299632,-3.231552063914175e-6,storage_rate,depth x precipitation
10,0.01628532249753789,0.8984544838801999,1.000151688089005e-6,storage_rate,depth x precipitation
14,0.0554575767876031,0.8138250835398038,-1.8559672350053564e-6,storage_rate,depth x precipitation
16,0.04284633487429801,0.8360148860895121,-1.6442605497985405e-6,storage_rate,depth x precipitation
17,0.04328371429312483,0.8351919690614549,-1.6540152341777475e-6,storage_rate,depth x precipitation
19,0.11924133205582166,0.7298587870460824,-2.7797645504162925e-6,storage_rate,depth x precipitation
20,0.10082812377174832,0.7508381073739004,-2.557854767373152e-6,storage_rate,depth x precipitation
27,0.08072961046127602,0.7763110896185569,-2.238029297718863e-6,storage_rate,depth x precipitation
29,0.07455721624671696,0.784813494705668,-2.2098172296708456e-6,storage_rate,depth x precipitation
31,0.058110688933311394,0.8095073837385989,-1.8995975528856272e-6,storage_rate,depth x precipitation
33,0.05771248686710351,0.8101486762433617,-1.8934989391389973e-6,storage_rate,depth x precipitation
52,0.028206089902369058,0.8666252202769117,-1.3020360354838247e-6,storage_rate,depth x precipitation
54,0.0961315344806053,0.7565222816378042,-2.4444738915506187e-6,storage_rate,depth x precipitation
58,0.0016100400439427176,0.9679932281414583,-3.9097988646894654e-7,storage_rate,depth x precipitation
65,0.06169975815419093,0.8038292968234172,-1.957030901227934e-6,storage_rate,depth x precipitation
78,0.16256945691111468,0.6868018140221936,-3.2365717299816243e-6,storage_rate,depth x precipitation
91,0.2483014922484017,0.6182735962621391,-3.978143316297131e-6,storage_rate,depth x precipitation
99,0.5457881181409903,0.4600437921083009,-6.3751728603733075e-6,storage_rate,depth x precipitation
102,0.06152830678308874,0.8040964940858012,-1.9613366044238027e-6,storage_rate,depth x precipitation
113,0.05740429315744677,0.8106466211291632,-1.8896365582995311e-06,storage_rate,depth x precipitation
114,0.0015960179873673042,0.9681328341258852,-2.4016897208737705e-7,storage_rate,depth x precipitation
115,0.0014913126635747176,0.9691953357057658,3.2206127786703313e-7,storage_rate,depth x precipitation
121,0.05392002744019919,0.8163773471666861,-1.8310000187214167e-6,storage_rate,depth x precipitation
124,0.05782960136184556,0.8099598245681077,-1.9349294918290727e-6,storage_rate,depth x precipitation
129,0.020074292875960964,0.8873297891480458,-1.0876930271447094e-6,storage_rate,depth x precipitation
139,0.05096282530359986,0.8213962759860625,-1.8046804254529442e-6,storage_rate,depth x precipitation
148,0.057470755618282965,0.810539119203044,-1.8905475054716561e-6,storage_rate,depth x precipitation
150,0.010184074627204609,0.9196170018800325,-7.996167796911946e-7,storage_rate,depth x precipitation
151,0.05714342027920338,0.8110692159925913,-1.8881949714718067e-6,storage_rate,depth x precipitation
153,0.05497996721896925,0.8146138531369161,-1.8740566952493389e-6,storage_rate,depth x precipitation
160,8.795144408395572e-4,0.9763409179105051,2.4198765719235227e-7,storage_rate,depth x precipitation
161,0.05622972867411136,0.8125574249816441,-1.870170465672214e-6,storage_rate,depth x precipitation
162,0.040056153689647545,0.8413708287177861,-1.5874736962408959e-6,storage_rate,depth x precipitation
163,0.06090639922217633,0.8050690328245398,-1.947170413766917e-6,storage_rate,depth x precipitation
164,0.07492397893213365,0.7842979248038782,-2.1828679123351777e-6,storage_rate,depth x precipitation
165,0.05748245392021545,0.8105202041983391,-1.893870897562394e-6,storage_rate,depth x precipitation
166,0.04431538245455613,0.8332679379904777,-1.6536478415348176e-6,storage_rate,depth x precipitation
170,0.05099923608952395,0.8213335618519565,-1.7954792842874728e-6,storage_rate,depth x precipitation
171,0.051419673124655674,0.8206110966888537,-1.8043488331058025e-6,storage_rate,depth x precipitation
